codigoParlamentar,nomeParlamentar,partido,uf,cargo,lideranca,siglaLideranca,tipoUnidade,tipoLideranca,dataInicio,dataFim
6109,Aline Sleutjes,PROS,,Líder do Congresso Nacional,Liderança de Partido na CMO,P,Liderança de Partido na CMO,Líder do Congresso Nacional,2022-05-19,
742,Marcelo Castro,MDB,,Líder do Congresso Nacional,Liderança de Partido na CMO,P,Liderança de Partido na CMO,Líder do Congresso Nacional,2025-04-15,
6188,Mauro Benevides Filho,PDT,,Líder do Congresso Nacional,Liderança de Partido na CMO,P,Liderança de Partido na CMO,Líder do Congresso Nacional,2025-04-15,
4770,Izalci Lucas,PL,,Líder do Congresso Nacional,Liderança de Partido na CMO,P,Liderança de Partido na CMO,Líder do Congresso Nacional,2025-04-15,
6526,Rodrigo Gambale,PODEMOS,,Líder do Congresso Nacional,Liderança de Partido na CMO,P,Liderança de Partido na CMO,Líder do Congresso Nacional,2025-04-15,
5990,Carlos Viana,PODEMOS,,Líder do Congresso Nacional,Liderança de Partido na CMO,P,Liderança de Partido na CMO,Líder do Congresso Nacional,2025-04-15,
6250,AJ Albuquerque,PP,,Líder do Congresso Nacional,Liderança de Partido na CMO,P,Liderança de Partido na CMO,Líder do Congresso Nacional,2025-04-15,
22,Esperidião Amin,PP,,Líder do Congresso Nacional,Liderança de Partido na CMO,P,Liderança de Partido na CMO,Líder do Congresso Nacional,2025-04-15,
3688,Giacobo,PL,,Líder do Congresso Nacional,Liderança de Partido na CMO,P,Liderança de Partido na CMO,Líder do Congresso Nacional,2025-04-15,
6567,Paulo Litro,PSD,,Líder do Congresso Nacional,Liderança de Partido na CMO,P,Liderança de Partido na CMO,Líder do Congresso Nacional,2025-04-15,
5321,Aureo Ribeiro,SOLIDARIEDADE,,Líder do Congresso Nacional,Liderança de Partido na CMO,P,Liderança de Partido na CMO,Líder do Congresso Nacional,2025-04-15,
5231,Danilo Forte,UNIÃO,,Líder do Congresso Nacional,Liderança de Partido na CMO,P,Liderança de Partido na CMO,Líder do Congresso Nacional,2025-04-15,
5386,Professora Dorinha Seabra,UNIÃO,,Líder do Congresso Nacional,Liderança de Partido na CMO,P,Liderança de Partido na CMO,Líder do Congresso Nacional,2025-04-15,
6055,Túlio Gadêlha,REDE,,Líder do Congresso Nacional,Liderança de Partido na CMO,P,Liderança de Partido na CMO,Líder do Congresso Nacional,2025-04-28,
6167,Talíria Petrone,PSOL,,Líder do Congresso Nacional,Liderança de Partido na CMO,P,Liderança de Partido na CMO,Líder do Congresso Nacional,2025-04-29,
6027,Mecias de Jesus,REPUBLICANOS,,Líder do Congresso Nacional,Liderança de Partido na CMO,P,Liderança de Partido na CMO,Líder do Congresso Nacional,2025-04-29,
6358,Ana Paula Lobato,PDT,,Líder do Congresso Nacional,Liderança de Partido na CMO,P,Liderança de Partido na CMO,Líder do Congresso Nacional,2025-04-29,
6089,Acácio Favacho,MDB,,Líder do Congresso Nacional,Liderança de Partido na CMO,P,Liderança de Partido na CMO,Líder do Congresso Nacional,2025-05-05,
3811,Wilson Santiago,REPUBLICANOS,,Líder do Congresso Nacional,Liderança de Partido na CMO,P,Liderança de Partido na CMO,Líder do Congresso Nacional,2025-05-06,
5012,Randolfe Rodrigues,PT,,Líder do Congresso Nacional,Liderança de Partido na CMO,P,Liderança de Partido na CMO,Líder do Congresso Nacional,2025-05-07,
5967,Angelo Coronel,PSD,,Líder do Congresso Nacional,Liderança de Partido na CMO,P,Liderança de Partido na CMO,Líder do Congresso Nacional,2025-05-07,
581,Jaques Wagner,PT,,Líder do Senado Federal,Liderança do Governo no Senado Federal,G,Liderança do Governo no Senado Federal,Líder do Senado Federal,2023-01-06,
475,Confúcio Moura,MDB,,Vice-líder do Senado Federal,Liderança do Governo no Senado Federal,G,Liderança do Governo no Senado Federal,Líder do Senado Federal,2023-03-23,
5998,Daniella Ribeiro,PP,,Vice-líder do Senado Federal,Liderança do Governo no Senado Federal,G,Liderança do Governo no Senado Federal,Líder do Senado Federal,2023-03-23,
5895,Jorge Kajuru,PSB,,Vice-líder do Senado Federal,Liderança do Governo no Senado Federal,G,Liderança do Governo no Senado Federal,Líder do Senado Federal,2023-03-23,
5386,Professora Dorinha Seabra,UNIÃO,,Vice-líder do Senado Federal,Liderança do Governo no Senado Federal,G,Liderança do Governo no Senado Federal,Líder do Senado Federal,2023-03-23,
5012,Randolfe Rodrigues,PT,,Vice-líder do Senado Federal,Liderança do Governo no Senado Federal,G,Liderança do Governo no Senado Federal,Líder do Senado Federal,2023-03-23,
5411,Weverton,PDT,,Vice-líder do Senado Federal,Liderança do Governo no Senado Federal,G,Liderança do Governo no Senado Federal,Líder do Senado Federal,2023-03-23,
5783,Zenaide Maia,PSD,,Vice-líder do Senado Federal,Liderança do Governo no Senado Federal,G,Liderança do Governo no Senado Federal,Líder do Senado Federal,2023-03-23,
5523,Otto Alencar,PSD,,Vice-líder do Senado Federal,Liderança do Governo no Senado Federal,G,Liderança do Governo no Senado Federal,Líder do Senado Federal,2024-10-22,
6350,Augusta Brito,PT,,Vice-líder do Senado Federal,Liderança do Governo no Senado Federal,G,Liderança do Governo no Senado Federal,Líder do Senado Federal,2025-03-13,
5979,Leila Barros,PDT,,Vice-líder do Senado Federal,Liderança do Governo no Senado Federal,G,Liderança do Governo no Senado Federal,Líder do Senado Federal,2025-03-13,
5012,Randolfe Rodrigues,PT,,Líder do Congresso Nacional,Liderança do Governo no Congresso Nacional,G,Liderança do Governo no Congresso Nacional,Líder do Congresso Nacional,2023-01-06,
5338,Bohn Gass,PT,,Vice-líder do Congresso Nacional,Liderança do Governo no Congresso Nacional,G,Liderança do Governo no Congresso Nacional,Líder do Congresso Nacional,2023-02-15,
4729,Carlos Zarattini,PT,,Vice-líder do Congresso Nacional,Liderança do Governo no Congresso Nacional,G,Liderança do Governo no Congresso Nacional,Líder do Congresso Nacional,2023-02-15,
3851,Daniel Almeida,PCdoB,,Vice-líder do Congresso Nacional,Liderança do Governo no Congresso Nacional,G,Liderança do Governo no Congresso Nacional,Líder do Congresso Nacional,2023-02-15,
6463,Dorinaldo Malafaia,PDT,,Vice-líder do Congresso Nacional,Liderança do Governo no Congresso Nacional,G,Liderança do Governo no Congresso Nacional,Líder do Congresso Nacional,2023-02-15,
3695,Lindbergh Farias,PT,,Vice-líder do Congresso Nacional,Liderança do Governo no Congresso Nacional,G,Liderança do Governo no Congresso Nacional,Líder do Congresso Nacional,2023-02-15,
3786,Reginaldo Lopes,PT,,Vice-líder do Congresso Nacional,Liderança do Governo no Congresso Nacional,G,Liderança do Governo no Congresso Nacional,Líder do Congresso Nacional,2023-02-15,
6273,Otto Alencar Filho,PSD,,Vice-líder do Congresso Nacional,Liderança do Governo no Congresso Nacional,G,Liderança do Governo no Congresso Nacional,Líder do Congresso Nacional,2023-02-15,
775,Laura Carneiro,PSD,,Vice-líder do Congresso Nacional,Liderança do Governo no Congresso Nacional,G,Liderança do Governo no Congresso Nacional,Líder do Congresso Nacional,2023-02-16,
581,Jaques Wagner,PT,,Vice-líder do Congresso Nacional,Liderança do Governo no Congresso Nacional,G,Liderança do Governo no Congresso Nacional,Líder do Congresso Nacional,2023-02-28,
5979,Leila Barros,PDT,,Vice-líder do Congresso Nacional,Liderança do Governo no Congresso Nacional,G,Liderança do Governo no Congresso Nacional,Líder do Congresso Nacional,2023-02-28,
5783,Zenaide Maia,PSD,,Vice-líder do Congresso Nacional,Liderança do Governo no Congresso Nacional,G,Liderança do Governo no Congresso Nacional,Líder do Congresso Nacional,2023-02-28,
5525,Omar Aziz,PSD,,Vice-líder do Congresso Nacional,Liderança do Governo no Congresso Nacional,G,Liderança do Governo no Congresso Nacional,Líder do Congresso Nacional,2023-02-28,
6597,Professora Luciene Cavalcante,PSOL,,Vice-líder do Congresso Nacional,Liderança do Governo no Congresso Nacional,G,Liderança do Governo no Congresso Nacional,Líder do Congresso Nacional,2023-04-13,
6162,Daniela do Waguinho,UNIÃO,,Vice-líder do Congresso Nacional,Liderança do Governo no Congresso Nacional,G,Liderança do Governo no Congresso Nacional,Líder do Congresso Nacional,2023-09-13,
5369,Jonas Donizette,PSB,,Vice-líder do Congresso Nacional,Liderança do Governo no Congresso Nacional,G,Liderança do Governo no Congresso Nacional,Líder do Congresso Nacional,2024-02-28,
5719,Hildo Rocha,MDB,,Vice-líder do Congresso Nacional,Liderança do Governo no Congresso Nacional,G,Liderança do Governo no Congresso Nacional,Líder do Congresso Nacional,2024-06-03,
5643,Felipe Carreras,PSB,,Vice-líder do Congresso Nacional,Liderança do Governo no Congresso Nacional,G,Liderança do Governo no Congresso Nacional,Líder do Congresso Nacional,2025-03-27,
6100,José Nelto,UNIÃO,,Vice-líder do Congresso Nacional,Liderança do Governo no Congresso Nacional,G,Liderança do Governo no Congresso Nacional,Líder do Congresso Nacional,2025-05-06,
4588,José Guimarães,PT,,Líder da Câmara dos Deputados,Liderança do Governo na Câmara dos Deputados,G,Liderança do Governo na Câmara dos Deputados,Líder da Câmara dos Deputados,2023-02-01,
705,Damião Feliciano,UNIÃO,,Vice-líder da Câmara dos Deputados,Liderança do Governo na Câmara dos Deputados,G,Liderança do Governo na Câmara dos Deputados,Líder da Câmara dos Deputados,2023-03-01,
6403,Waldemar Oliveira,AVANTE,,Vice-líder da Câmara dos Deputados,Liderança do Governo na Câmara dos Deputados,G,Liderança do Governo na Câmara dos Deputados,Líder da Câmara dos Deputados,2023-03-01,
5313,Pedro Paulo,PSD,,Vice-líder da Câmara dos Deputados,Liderança do Governo na Câmara dos Deputados,G,Liderança do Governo na Câmara dos Deputados,Líder da Câmara dos Deputados,2023-03-01,
5722,Rubens Pereira Júnior,PT,,Vice-líder da Câmara dos Deputados,Liderança do Governo na Câmara dos Deputados,G,Liderança do Governo na Câmara dos Deputados,Líder da Câmara dos Deputados,2023-03-01,
6060,Emanuel Pinheiro Neto,MDB,,Vice-líder da Câmara dos Deputados,Liderança do Governo na Câmara dos Deputados,G,Liderança do Governo na Câmara dos Deputados,Líder da Câmara dos Deputados,2023-03-01,
6447,Ana Paula Lima,PT,,Vice-líder da Câmara dos Deputados,Liderança do Governo na Câmara dos Deputados,G,Liderança do Governo na Câmara dos Deputados,Líder da Câmara dos Deputados,2023-03-01,
6502,Pastor Henrique Vieira,PSOL,,Vice-líder da Câmara dos Deputados,Liderança do Governo na Câmara dos Deputados,G,Liderança do Governo na Câmara dos Deputados,Líder da Câmara dos Deputados,2023-03-01,
6553,Maria Arraes,SOLIDARIEDADE,,Vice-líder da Câmara dos Deputados,Liderança do Governo na Câmara dos Deputados,G,Liderança do Governo na Câmara dos Deputados,Líder da Câmara dos Deputados,2023-03-01,
769,Jandira Feghali,PCdoB,,Vice-líder da Câmara dos Deputados,Liderança do Governo na Câmara dos Deputados,G,Liderança do Governo na Câmara dos Deputados,Líder da Câmara dos Deputados,2024-03-13,
4575,Lídice da Mata,PSB,,Vice-líder da Câmara dos Deputados,Liderança do Governo na Câmara dos Deputados,G,Liderança do Governo na Câmara dos Deputados,Líder da Câmara dos Deputados,2024-03-13,
6188,Mauro Benevides Filho,PDT,,Vice-líder da Câmara dos Deputados,Liderança do Governo na Câmara dos Deputados,G,Liderança do Governo na Câmara dos Deputados,Líder da Câmara dos Deputados,2024-05-22,
6039,Márcio Jerry,PCdoB,,Vice-líder da Câmara dos Deputados,Liderança do Governo na Câmara dos Deputados,G,Liderança do Governo na Câmara dos Deputados,Líder da Câmara dos Deputados,2025-05-05,
4738,Jilmar Tatto,PT,,Vice-líder da Câmara dos Deputados,Liderança do Governo na Câmara dos Deputados,G,Liderança do Governo na Câmara dos Deputados,Líder da Câmara dos Deputados,2025-05-05,
5284,Romero Rodrigues,PODEMOS,,Vice-líder da Câmara dos Deputados,Liderança do Governo na Câmara dos Deputados,G,Liderança do Governo na Câmara dos Deputados,Líder da Câmara dos Deputados,2025-05-05,
5291,Augusto Coutinho,REPUBLICANOS,,Vice-líder da Câmara dos Deputados,Liderança do Governo na Câmara dos Deputados,G,Liderança do Governo na Câmara dos Deputados,Líder da Câmara dos Deputados,2025-05-05,
5693,Mário Negromonte Jr.,PP,,Vice-líder da Câmara dos Deputados,Liderança do Governo na Câmara dos Deputados,G,Liderança do Governo na Câmara dos Deputados,Líder da Câmara dos Deputados,2025-05-05,
5762,Aliel Machado,PV,,Vice-líder da Câmara dos Deputados,Liderança do Governo na Câmara dos Deputados,G,Liderança do Governo na Câmara dos Deputados,Líder da Câmara dos Deputados,2025-05-05,
6103,Gervásio Maia,PSB,,Vice-líder da Câmara dos Deputados,Liderança do Governo na Câmara dos Deputados,G,Liderança do Governo na Câmara dos Deputados,Líder da Câmara dos Deputados,2025-05-05,
6202,Alencar Santana,PT,,Primeiro vice-líder da Câmara dos Deputados,Liderança do Governo na Câmara dos Deputados,G,Liderança do Governo na Câmara dos Deputados,Líder da Câmara dos Deputados,2025-05-05,
6260,Zé Neto,PT,,Vice-líder da Câmara dos Deputados,Liderança do Governo na Câmara dos Deputados,G,Liderança do Governo na Câmara dos Deputados,Líder da Câmara dos Deputados,2025-05-05,
5221,Antonio Brito,PSD,,Líder da Câmara dos Deputados,Liderança de Partido na Câmara dos Deputados,P,Liderança de Partido na Câmara dos Deputados,Líder da Câmara dos Deputados,2023-02-01,
6141,Isnaldo Bulhões Jr.,MDB,,Líder da Câmara dos Deputados,Liderança de Partido na Câmara dos Deputados,P,Liderança de Partido na Câmara dos Deputados,Líder da Câmara dos Deputados,2023-02-01,
6153,Doutor Luizinho,PP,,Líder da Câmara dos Deputados,Liderança de Partido na Câmara dos Deputados,P,Liderança de Partido na Câmara dos Deputados,Líder da Câmara dos Deputados,2023-09-12,
6195,Fred Costa,PRD,,Líder da Câmara dos Deputados,Liderança de Partido na Câmara dos Deputados,P,Liderança de Partido na Câmara dos Deputados,Líder da Câmara dos Deputados,2024-04-16,
5321,Aureo Ribeiro,SOLIDARIEDADE,,Líder da Câmara dos Deputados,Liderança de Partido na Câmara dos Deputados,P,Liderança de Partido na Câmara dos Deputados,Líder da Câmara dos Deputados,2023-02-01,
6552,Pedro Campos,PSB,,Líder da Câmara dos Deputados,Liderança de Partido na Câmara dos Deputados,P,Liderança de Partido na Câmara dos Deputados,Líder da Câmara dos Deputados,2025-01-31,
6049,Pedro Lucas Fernandes,UNIÃO,,Líder da Câmara dos Deputados,Liderança de Partido na Câmara dos Deputados,P,Liderança de Partido na Câmara dos Deputados,Líder da Câmara dos Deputados,2025-02-01,
5781,Sóstenes Cavalcante,PL,,Líder da Câmara dos Deputados,Liderança de Partido na Câmara dos Deputados,P,Liderança de Partido na Câmara dos Deputados,Líder da Câmara dos Deputados,2025-02-01,
6526,Rodrigo Gambale,PODEMOS,,Líder da Câmara dos Deputados,Liderança de Partido na Câmara dos Deputados,P,Liderança de Partido na Câmara dos Deputados,Líder da Câmara dos Deputados,2025-02-03,
3883,Mário Heringer,PDT,,Líder da Câmara dos Deputados,Liderança de Partido na Câmara dos Deputados,P,Liderança de Partido na Câmara dos Deputados,Líder da Câmara dos Deputados,2025-02-04,
6193,Gilberto Abramo,REPUBLICANOS,,Líder da Câmara dos Deputados,Liderança de Partido na Câmara dos Deputados,P,Liderança de Partido na Câmara dos Deputados,Líder da Câmara dos Deputados,2025-02-04,
6054,Marcel van Hattem,NOVO,,Representante da Câmara dos Deputados,Liderança de Partido na Câmara dos Deputados,P,Liderança de Partido na Câmara dos Deputados,Líder da Câmara dos Deputados,2025-04-24,
5262,Weliton Prado,SOLIDARIEDADE,,Primeiro vice-líder da Câmara dos Deputados,Liderança de Partido na Câmara dos Deputados,P,Liderança de Partido na Câmara dos Deputados,Líder da Câmara dos Deputados,2025-05-07,
5259,Zé Silva,SOLIDARIEDADE,,Vice-líder da Câmara dos Deputados,Liderança de Partido na Câmara dos Deputados,P,Liderança de Partido na Câmara dos Deputados,Líder da Câmara dos Deputados,2025-05-07,
6585,Neto Carletto,AVANTE,,Líder da Câmara dos Deputados,Liderança de Partido na Câmara dos Deputados,P,Liderança de Partido na Câmara dos Deputados,Líder da Câmara dos Deputados,2025-05-08,
6261,Adolfo Viana,PSDB,,Líder da Câmara dos Deputados,Liderança de Bloco na Câmara dos Deputados,B,Liderança de Bloco na Câmara dos Deputados,Líder da Câmara dos Deputados,2023-02-01,
6167,Talíria Petrone,PSOL,,Líder da Câmara dos Deputados,Liderança de Bloco na Câmara dos Deputados,B,Liderança de Bloco na Câmara dos Deputados,Líder da Câmara dos Deputados,2025-02-03,
3695,Lindbergh Farias,PT,,Líder da Câmara dos Deputados,Liderança de Bloco na Câmara dos Deputados,B,Liderança de Bloco na Câmara dos Deputados,Líder da Câmara dos Deputados,2025-02-03,
6114,Fernanda Melchionna,PSOL,,Vice-líder da Câmara dos Deputados,Liderança de Bloco na Câmara dos Deputados,B,Liderança de Bloco na Câmara dos Deputados,Líder da Câmara dos Deputados,2025-03-28,
6417,Célia Xakriabá,PSOL,,Vice-líder da Câmara dos Deputados,Liderança de Bloco na Câmara dos Deputados,B,Liderança de Bloco na Câmara dos Deputados,Líder da Câmara dos Deputados,2025-04-03,
3694,Chico Alencar,PSOL,,Vice-líder da Câmara dos Deputados,Liderança de Bloco na Câmara dos Deputados,B,Liderança de Bloco na Câmara dos Deputados,Líder da Câmara dos Deputados,2025-05-06,
6597,Professora Luciene Cavalcante,PSOL,,Vice-líder da Câmara dos Deputados,Liderança de Bloco na Câmara dos Deputados,B,Liderança de Bloco na Câmara dos Deputados,Líder da Câmara dos Deputados,2025-05-06,
6530,Erika Hilton,PSOL,,Vice-líder da Câmara dos Deputados,Liderança de Bloco na Câmara dos Deputados,B,Liderança de Bloco na Câmara dos Deputados,Líder da Câmara dos Deputados,2025-05-07,
6502,Pastor Henrique Vieira,PSOL,,Vice-líder da Câmara dos Deputados,Liderança de Bloco na Câmara dos Deputados,B,Liderança de Bloco na Câmara dos Deputados,Líder da Câmara dos Deputados,2025-05-07,
6502,Pastor Henrique Vieira,PSOL,,Vice-líder da Câmara dos Deputados,Liderança de Bloco na Câmara dos Deputados,B,Liderança de Bloco na Câmara dos Deputados,Líder da Câmara dos Deputados,2025-05-08,
5736,Tereza Cristina,PP,,Líder do Senado Federal,Liderança de Partido no Senado Federal,P,Liderança de Partido no Senado Federal,Líder do Senado Federal,2023-02-02,
5976,Eduardo Girão,NOVO,,Líder do Senado Federal,Liderança de Partido no Senado Federal,P,Liderança de Partido no Senado Federal,Líder do Senado Federal,2023-02-08,
6338,Teresa Leitão,PT,,Vice-líder do Senado Federal,Liderança de Partido no Senado Federal,P,Liderança de Partido no Senado Federal,Líder do Senado Federal,2023-05-18,
5942,Marcos do Val,PODEMOS,,Vice-líder do Senado Federal,Liderança de Partido no Senado Federal,P,Liderança de Partido no Senado Federal,Líder do Senado Federal,2024-02-28,
5525,Omar Aziz,PSD,,Líder do Senado Federal,Liderança de Partido no Senado Federal,P,Liderança de Partido no Senado Federal,Líder do Senado Federal,2024-10-30,
5502,Plínio Valério,PSDB,,Líder do Senado Federal,Liderança de Partido no Senado Federal,P,Liderança de Partido no Senado Federal,Líder do Senado Federal,2025-01-31,
5352,Rogério Carvalho,PT,,Líder do Senado Federal,Liderança de Partido no Senado Federal,P,Liderança de Partido no Senado Federal,Líder do Senado Federal,2025-01-31,
5990,Carlos Viana,PODEMOS,,Líder do Senado Federal,Liderança de Partido no Senado Federal,P,Liderança de Partido no Senado Federal,Líder do Senado Federal,2025-01-02,
4994,Eduardo Braga,MDB,,Líder do Senado Federal,Liderança de Partido no Senado Federal,P,Liderança de Partido no Senado Federal,Líder do Senado Federal,2025-01-28,
5411,Weverton,PDT,,Líder do Senado Federal,Liderança de Partido no Senado Federal,P,Liderança de Partido no Senado Federal,Líder do Senado Federal,2025-01-31,
4642,Efraim Filho,UNIÃO,,Líder do Senado Federal,Liderança de Partido no Senado Federal,P,Liderança de Partido no Senado Federal,Líder do Senado Federal,2025-02-01,
6027,Mecias de Jesus,REPUBLICANOS,,Líder do Senado Federal,Liderança de Partido no Senado Federal,P,Liderança de Partido no Senado Federal,Líder do Senado Federal,2025-01-14,
5967,Angelo Coronel,PSD,,Vice-líder do Senado Federal,Liderança de Partido no Senado Federal,P,Liderança de Partido no Senado Federal,Líder do Senado Federal,2025-02-03,
5936,Carlos Portinho,PL,,Líder do Senado Federal,Liderança de Partido no Senado Federal,P,Liderança de Partido no Senado Federal,Líder do Senado Federal,2025-02-03,
5973,Cid Gomes,PSB,,Líder do Senado Federal,Liderança de Partido no Senado Federal,P,Liderança de Partido no Senado Federal,Líder do Senado Federal,2025-02-18,
5895,Jorge Kajuru,PSB,,Vice-líder do Senado Federal,Liderança de Partido no Senado Federal,P,Liderança de Partido no Senado Federal,Líder do Senado Federal,2025-02-18,
5959,Styvenson Valentim,PSDB,,Vice-líder do Senado Federal,Liderança de Partido no Senado Federal,P,Liderança de Partido no Senado Federal,Líder do Senado Federal,2025-03-25,
742,Marcelo Castro,MDB,,Vice-líder do Senado Federal,Liderança de Partido no Senado Federal,P,Liderança de Partido no Senado Federal,Líder do Senado Federal,2025-04-02,
475,Confúcio Moura,MDB,,Vice-líder do Senado Federal,Liderança de Partido no Senado Federal,P,Liderança de Partido no Senado Federal,Líder do Senado Federal,2025-04-02,
6008,Giordano,MDB,,Vice-líder do Senado Federal,Liderança de Partido no Senado Federal,P,Liderança de Partido no Senado Federal,Líder do Senado Federal,2025-04-02,
22,Esperidião Amin,PP,,Vice-líder do Senado Federal,Liderança de Partido no Senado Federal,P,Liderança de Partido no Senado Federal,Líder do Senado Federal,2025-04-07,
4770,Izalci Lucas,PL,,Vice-líder do Senado Federal,Liderança de Partido no Senado Federal,P,Liderança de Partido no Senado Federal,Líder do Senado Federal,2025-05-08,
6342,Jorge Seif,PL,,Vice-líder do Senado Federal,Liderança de Partido no Senado Federal,P,Liderança de Partido no Senado Federal,Líder do Senado Federal,2025-05-08,
6340,Jaime Bagattoli,PL,,Vice-líder do Senado Federal,Liderança de Partido no Senado Federal,P,Liderança de Partido no Senado Federal,Líder do Senado Federal,2025-05-08,
739,Ciro Nogueira,PP,,Líder do Senado Federal,Liderança da Minoria no Senado Federal,N,Liderança da Minoria no Senado Federal,Líder do Senado Federal,2023-02-03,
3777,Eduardo Gomes,PL,,Vice-líder do Congresso Nacional,Liderança da Minoria no Congresso Nacional,I,Liderança da Minoria no Congresso Nacional,Vice-líder do Congresso Nacional,2023-04-25,
5736,Tereza Cristina,PP,,Vice-líder do Congresso Nacional,Liderança da Minoria no Congresso Nacional,I,Liderança da Minoria no Congresso Nacional,Vice-líder do Congresso Nacional,2023-04-25,
631,Magno Malta,PL,,Vice-líder do Congresso Nacional,Liderança da Minoria no Congresso Nacional,I,Liderança da Minoria no Congresso Nacional,Vice-líder do Congresso Nacional,2023-04-25,
5976,Eduardo Girão,NOVO,,Vice-líder do Congresso Nacional,Liderança da Minoria no Congresso Nacional,I,Liderança da Minoria no Congresso Nacional,Vice-líder do Congresso Nacional,2023-04-25,
6335,Damares Alves,REPUBLICANOS,,Vice-líder do Congresso Nacional,Liderança da Minoria no Congresso Nacional,I,Liderança da Minoria no Congresso Nacional,Vice-líder do Congresso Nacional,2023-04-25,
6084,Bia Kicis,PL,,Vice-líder do Congresso Nacional,Liderança da Minoria no Congresso Nacional,I,Liderança da Minoria no Congresso Nacional,Vice-líder do Congresso Nacional,2023-04-25,
6158,Luiz Lima,NOVO,,Vice-líder do Congresso Nacional,Liderança da Minoria no Congresso Nacional,I,Liderança da Minoria no Congresso Nacional,Vice-líder do Congresso Nacional,2023-04-25,
6075,Gilson Marques,NOVO,,Vice-líder do Congresso Nacional,Liderança da Minoria no Congresso Nacional,I,Liderança da Minoria no Congresso Nacional,Vice-líder do Congresso Nacional,2023-04-25,
6054,Marcel van Hattem,NOVO,,Vice-líder do Congresso Nacional,Liderança da Minoria no Congresso Nacional,I,Liderança da Minoria no Congresso Nacional,Vice-líder do Congresso Nacional,2023-04-25,
6174,José Medeiros,PL,,Vice-líder do Congresso Nacional,Liderança da Minoria no Congresso Nacional,I,Liderança da Minoria no Congresso Nacional,Vice-líder do Congresso Nacional,2023-04-25,
1230,Alberto Fraga,PL,,Vice-líder do Congresso Nacional,Liderança da Minoria no Congresso Nacional,I,Liderança da Minoria no Congresso Nacional,Vice-líder do Congresso Nacional,2023-04-25,
6506,Delegado Ramagem,PL,,Vice-líder do Congresso Nacional,Liderança da Minoria no Congresso Nacional,I,Liderança da Minoria no Congresso Nacional,Vice-líder do Congresso Nacional,2023-04-25,
6399,Ricardo Salles,NOVO,,Vice-líder do Congresso Nacional,Liderança da Minoria no Congresso Nacional,I,Liderança da Minoria no Congresso Nacional,Vice-líder do Congresso Nacional,2023-04-25,
6118,Filipe Barros,PL,,Vice-líder do Congresso Nacional,Liderança da Minoria no Congresso Nacional,I,Liderança da Minoria no Congresso Nacional,Vice-líder do Congresso Nacional,2023-04-25,
6575,Roberta Roma,PL,,Vice-líder do Congresso Nacional,Liderança da Minoria no Congresso Nacional,I,Liderança da Minoria no Congresso Nacional,Vice-líder do Congresso Nacional,2023-04-25,
6070,Silvia Cristina,PP,,Vice-líder do Congresso Nacional,Liderança da Minoria no Congresso Nacional,I,Liderança da Minoria no Congresso Nacional,Vice-líder do Congresso Nacional,2023-04-25,
6539,Delegado Paulo Bilynskyj,PL,,Vice-líder do Congresso Nacional,Liderança da Minoria no Congresso Nacional,I,Liderança da Minoria no Congresso Nacional,Vice-líder do Congresso Nacional,2024-04-18,
3688,Giacobo,PL,,Líder do Congresso Nacional,Liderança da Minoria no Congresso Nacional,I,Liderança da Minoria no Congresso Nacional,Vice-líder do Congresso Nacional,2025-02-26,
5894,Flávio Bolsonaro,PL,,Vice-líder do Congresso Nacional,Liderança da Minoria no Congresso Nacional,I,Liderança da Minoria no Congresso Nacional,Vice-líder do Congresso Nacional,2025-03-10,
6089,Acácio Favacho,MDB,,Primeiro vice-líder da Câmara dos Deputados,Liderança da Maioria na Câmara dos Deputados,A,Liderança da Maioria na Câmara dos Deputados,Primeiro vice-líder da Câmara dos Deputados,2023-04-26,
6115,Gustinho Ribeiro,REPUBLICANOS,,Vice-líder da Câmara dos Deputados,Liderança da Maioria na Câmara dos Deputados,A,Liderança da Maioria na Câmara dos Deputados,Primeiro vice-líder da Câmara dos Deputados,2023-04-26,
6250,AJ Albuquerque,PP,,Vice-líder da Câmara dos Deputados,Liderança da Maioria na Câmara dos Deputados,A,Liderança da Maioria na Câmara dos Deputados,Primeiro vice-líder da Câmara dos Deputados,2023-09-13,
5851,Flávio Nogueira,PT,,Vice-líder da Câmara dos Deputados,Liderança da Maioria na Câmara dos Deputados,A,Liderança da Maioria na Câmara dos Deputados,Primeiro vice-líder da Câmara dos Deputados,2024-07-09,
5238,Erika Kokay,PT,,Vice-líder da Câmara dos Deputados,Liderança da Maioria na Câmara dos Deputados,A,Liderança da Maioria na Câmara dos Deputados,Primeiro vice-líder da Câmara dos Deputados,2024-09-10,
5313,Pedro Paulo,PSD,,Vice-líder da Câmara dos Deputados,Liderança da Maioria na Câmara dos Deputados,A,Liderança da Maioria na Câmara dos Deputados,Primeiro vice-líder da Câmara dos Deputados,2024-12-19,
853,Arlindo Chinaglia,PT,,Líder da Câmara dos Deputados,Liderança da Maioria na Câmara dos Deputados,A,Liderança da Maioria na Câmara dos Deputados,Primeiro vice-líder da Câmara dos Deputados,2025-04-08,
4320,André Figueiredo,PDT,,Vice-líder da Câmara dos Deputados,Liderança da Maioria na Câmara dos Deputados,A,Liderança da Maioria na Câmara dos Deputados,Primeiro vice-líder da Câmara dos Deputados,2025-04-29,
6103,Gervásio Maia,PSB,,Vice-líder da Câmara dos Deputados,Liderança da Maioria na Câmara dos Deputados,A,Liderança da Maioria na Câmara dos Deputados,Primeiro vice-líder da Câmara dos Deputados,2025-05-06,
3727,Maria do Rosário,PT,,Vice-líder da Câmara dos Deputados,Liderança da Maioria na Câmara dos Deputados,A,Liderança da Maioria na Câmara dos Deputados,Primeiro vice-líder da Câmara dos Deputados,2025-05-07,
6229,Adriana Ventura,NOVO,,Vice-líder da Câmara dos Deputados,Liderança da Minoria na Câmara dos Deputados,M,Liderança da Minoria na Câmara dos Deputados,Vice-líder da Câmara dos Deputados,2024-02-20,
6079,Caroline de Toni,PL,,Líder da Câmara dos Deputados,Liderança da Minoria na Câmara dos Deputados,M,Liderança da Minoria na Câmara dos Deputados,Vice-líder da Câmara dos Deputados,2025-02-05,
6163,Carlos Jordy,PL,,Primeiro vice-líder da Câmara dos Deputados,Liderança da Minoria na Câmara dos Deputados,M,Liderança da Minoria na Câmara dos Deputados,Vice-líder da Câmara dos Deputados,2025-02-11,
6165,Chris Tonietto,PL,,Vice-líder da Câmara dos Deputados,Liderança da Minoria na Câmara dos Deputados,M,Liderança da Minoria na Câmara dos Deputados,Vice-líder da Câmara dos Deputados,2025-02-12,
6084,Bia Kicis,PL,,Vice-líder da Câmara dos Deputados,Liderança da Minoria na Câmara dos Deputados,M,Liderança da Minoria na Câmara dos Deputados,Vice-líder da Câmara dos Deputados,2025-04-02,
6449,Zé Trovão,PL,,Vice-líder da Câmara dos Deputados,Liderança da Minoria na Câmara dos Deputados,M,Liderança da Minoria na Câmara dos Deputados,Vice-líder da Câmara dos Deputados,2025-04-29,
5745,Joaquim Passarinho,PL,,Vice-líder da Câmara dos Deputados,Liderança da Minoria na Câmara dos Deputados,M,Liderança da Minoria na Câmara dos Deputados,Vice-líder da Câmara dos Deputados,2025-04-29,
6413,Rodrigo Valadares,UNIÃO,,Vice-líder da Câmara dos Deputados,Liderança da Minoria na Câmara dos Deputados,M,Liderança da Minoria na Câmara dos Deputados,Vice-líder da Câmara dos Deputados,2025-04-29,
6227,Luiz Philippe de Orleans e Bragança,PL,,Vice-líder da Câmara dos Deputados,Liderança da Minoria na Câmara dos Deputados,M,Liderança da Minoria na Câmara dos Deputados,Vice-líder da Câmara dos Deputados,2025-04-29,
5339,Marcon,PT,,Vice-líder da Câmara dos Deputados,Liderança da Minoria na Câmara dos Deputados,M,Liderança da Minoria na Câmara dos Deputados,Vice-líder da Câmara dos Deputados,2025-04-30,
6464,Cabo Gilberto Silva,PL,,Vice-líder da Câmara dos Deputados,Liderança da Minoria na Câmara dos Deputados,M,Liderança da Minoria na Câmara dos Deputados,Vice-líder da Câmara dos Deputados,2025-05-06,
6208,Carla Zambelli,PL,,Vice-líder da Câmara dos Deputados,Liderança da Minoria na Câmara dos Deputados,M,Liderança da Minoria na Câmara dos Deputados,Vice-líder da Câmara dos Deputados,2025-05-07,
6074,Eli Borges,PL,,Vice-líder da Câmara dos Deputados,Liderança da Minoria na Câmara dos Deputados,M,Liderança da Minoria na Câmara dos Deputados,Vice-líder da Câmara dos Deputados,2025-05-07,
6441,Mauricio Marcon,PODEMOS,,Vice-líder da Câmara dos Deputados,Liderança da Minoria na Câmara dos Deputados,M,Liderança da Minoria na Câmara dos Deputados,Vice-líder da Câmara dos Deputados,2025-05-07,
6237,Kim Kataguiri,UNIÃO,,Vice-líder da Câmara dos Deputados,Liderança da Minoria na Câmara dos Deputados,M,Liderança da Minoria na Câmara dos Deputados,Vice-líder da Câmara dos Deputados,2025-05-08,
5280,Aguinaldo Ribeiro,PP,,Líder do Congresso Nacional,Liderança da Maioria no Congresso Nacional,O,Liderança da Maioria no Congresso Nacional,Líder do Congresso Nacional,2024-04-16,
5998,Daniella Ribeiro,PP,,Vice-líder do Congresso Nacional,Liderança da Maioria no Congresso Nacional,O,Liderança da Maioria no Congresso Nacional,Líder do Congresso Nacional,2024-04-17,
4729,Carlos Zarattini,PT,,Líder do Congresso Nacional,Liderança do Governo na CMO,G,Liderança do Governo na CMO,Líder do Congresso Nacional,2024-05-07,
5979,Leila Barros,PDT,,Líder do Senado Federal,Liderança da Bancada Feminina no Senado Federal,F,Liderança da Bancada Feminina no Senado Federal,Líder do Senado Federal,2024-05-23,
6338,Teresa Leitão,PT,,Vice-líder do Senado Federal,Liderança da Bancada Feminina no Senado Federal,F,Liderança da Bancada Feminina no Senado Federal,Líder do Senado Federal,2024-05-23,
5988,Soraya Thronicke,PODEMOS,,Vice-líder do Senado Federal,Liderança da Bancada Feminina no Senado Federal,F,Liderança da Bancada Feminina no Senado Federal,Líder do Senado Federal,2024-05-23,
1230,Alberto Fraga,PL,,Vice-líder da Câmara dos Deputados,Liderança da Minoria no Congresso Nacional,I,Liderança da Minoria no Congresso Nacional,Vice-líder da Câmara dos Deputados,2023-04-25,
6054,Marcel van Hattem,NOVO,,Vice-líder da Câmara dos Deputados,Liderança da Minoria no Congresso Nacional,I,Liderança da Minoria no Congresso Nacional,Vice-líder da Câmara dos Deputados,2023-04-25,
6070,Silvia Cristina,PP,,Vice-líder da Câmara dos Deputados,Liderança da Minoria no Congresso Nacional,I,Liderança da Minoria no Congresso Nacional,Vice-líder da Câmara dos Deputados,2023-04-25,
6075,Gilson Marques,NOVO,,Vice-líder da Câmara dos Deputados,Liderança da Minoria no Congresso Nacional,I,Liderança da Minoria no Congresso Nacional,Vice-líder da Câmara dos Deputados,2023-04-25,
6084,Bia Kicis,PL,,Vice-líder da Câmara dos Deputados,Liderança da Minoria no Congresso Nacional,I,Liderança da Minoria no Congresso Nacional,Vice-líder da Câmara dos Deputados,2023-04-25,
6118,Filipe Barros,PL,,Vice-líder da Câmara dos Deputados,Liderança da Minoria no Congresso Nacional,I,Liderança da Minoria no Congresso Nacional,Vice-líder da Câmara dos Deputados,2023-04-25,
6158,Luiz Lima,NOVO,,Vice-líder da Câmara dos Deputados,Liderança da Minoria no Congresso Nacional,I,Liderança da Minoria no Congresso Nacional,Vice-líder da Câmara dos Deputados,2023-04-25,
6174,José Medeiros,PL,,Vice-líder da Câmara dos Deputados,Liderança da Minoria no Congresso Nacional,I,Liderança da Minoria no Congresso Nacional,Vice-líder da Câmara dos Deputados,2023-04-25,
6506,Delegado Ramagem,PL,,Vice-líder da Câmara dos Deputados,Liderança da Minoria no Congresso Nacional,I,Liderança da Minoria no Congresso Nacional,Vice-líder da Câmara dos Deputados,2023-04-25,
6399,Ricardo Salles,NOVO,,Vice-líder da Câmara dos Deputados,Liderança da Minoria no Congresso Nacional,I,Liderança da Minoria no Congresso Nacional,Vice-líder da Câmara dos Deputados,2023-04-25,
6539,Delegado Paulo Bilynskyj,PL,,Vice-líder da Câmara dos Deputados,Liderança da Minoria no Congresso Nacional,I,Liderança da Minoria no Congresso Nacional,Vice-líder da Câmara dos Deputados,2024-04-18,
6575,Roberta Roma,PL,,Vice-líder da Câmara dos Deputados,Liderança da Minoria no Congresso Nacional,I,Liderança da Minoria no Congresso Nacional,Vice-líder da Câmara dos Deputados,2023-04-25,
3688,Giacobo,PL,,Líder da Câmara dos Deputados,Liderança da Minoria no Congresso Nacional,I,Liderança da Minoria no Congresso Nacional,Vice-líder da Câmara dos Deputados,2025-02-28,
5718,Eliziane Gama,PSD,,Líder do Senado Federal,Liderança de Bloco no Senado Federal,B,Liderança de Bloco no Senado Federal,Líder do Senado Federal,2024-11-11,
1173,Wellington Fagundes,PL,,Líder do Senado Federal,Liderança de Bloco no Senado Federal,B,Liderança de Bloco no Senado Federal,Líder do Senado Federal,2025-02-03,
5959,Styvenson Valentim,PSDB,,Líder do Senado Federal,Liderança de Bloco no Senado Federal,B,Liderança de Bloco no Senado Federal,Líder do Senado Federal,2025-02-04,
5793,Dr. Hiran,PP,,Líder do Senado Federal,Liderança de Bloco no Senado Federal,B,Liderança de Bloco no Senado Federal,Líder do Senado Federal,2025-02-17,
5411,Weverton,PDT,,Líder do Senado Federal,Liderança de Bloco no Senado Federal,B,Liderança de Bloco no Senado Federal,Líder do Senado Federal,2025-02-18,
4642,Efraim Filho,UNIÃO,,Líder do Senado Federal,Liderança de Bloco no Senado Federal,B,Liderança de Bloco no Senado Federal,Líder do Senado Federal,2025-02-18,
6009,Astronauta Marcos Pontes,PL,,Vice-líder do Senado Federal,Liderança de Bloco no Senado Federal,B,Liderança de Bloco no Senado Federal,Líder do Senado Federal,2025-02-27,
6443,Zucco,REPUBLICANOS,,Líder da Câmara dos Deputados,Liderança da Maioria no Congresso Nacional,O,Liderança da Maioria no Congresso Nacional,Líder da Câmara dos Deputados,2025-02-03,
6123,Sanderson,PL,,Primeiro vice-líder da Câmara dos Deputados,Liderança da Maioria no Congresso Nacional,O,Liderança da Maioria no Congresso Nacional,Líder da Câmara dos Deputados,2025-02-04,
6464,Cabo Gilberto Silva,PL,,Vice-líder da Câmara dos Deputados,Liderança da Maioria no Congresso Nacional,O,Liderança da Maioria no Congresso Nacional,Líder da Câmara dos Deputados,2025-03-18,
6088,Coronel Chrisóstomo,PL,,Vice-líder da Câmara dos Deputados,Liderança da Maioria no Congresso Nacional,O,Liderança da Maioria no Congresso Nacional,Líder da Câmara dos Deputados,2025-03-26,
6458,Gustavo Gayer,PL,,Vice-líder da Câmara dos Deputados,Liderança da Maioria no Congresso Nacional,O,Liderança da Maioria no Congresso Nacional,Líder da Câmara dos Deputados,2025-04-23,
6420,Gilvan da Federal,PL,,Vice-líder da Câmara dos Deputados,Liderança da Maioria no Congresso Nacional,O,Liderança da Maioria no Congresso Nacional,Líder da Câmara dos Deputados,2025-04-29,
5745,Joaquim Passarinho,PL,,Vice-líder da Câmara dos Deputados,Liderança da Maioria no Congresso Nacional,O,Liderança da Maioria no Congresso Nacional,Líder da Câmara dos Deputados,2025-04-29,
5745,Joaquim Passarinho,PL,,Vice-líder da Câmara dos Deputados,Liderança da Maioria no Congresso Nacional,O,Liderança da Maioria no Congresso Nacional,Líder da Câmara dos Deputados,2025-05-07,
6221,Junio Amaral,PL,,Vice-líder da Câmara dos Deputados,Liderança da Maioria no Congresso Nacional,O,Liderança da Maioria no Congresso Nacional,Líder da Câmara dos Deputados,2025-05-07,
6539,Delegado Paulo Bilynskyj,PL,,Vice-líder da Câmara dos Deputados,Liderança da Maioria no Congresso Nacional,O,Liderança da Maioria no Congresso Nacional,Líder da Câmara dos Deputados,2025-05-07,
5743,Delegado Éder Mauro,PL,,Vice-líder da Câmara dos Deputados,Liderança da Maioria no Congresso Nacional,O,Liderança da Maioria no Congresso Nacional,Líder da Câmara dos Deputados,2025-05-07,
6165,Chris Tonietto,PL,,Vice-líder da Câmara dos Deputados,Liderança da Maioria no Congresso Nacional,O,Liderança da Maioria no Congresso Nacional,Líder da Câmara dos Deputados,2025-05-07,
6572,Capitão Alden,PL,,Vice-líder da Câmara dos Deputados,Liderança da Maioria no Congresso Nacional,O,Liderança da Maioria no Congresso Nacional,Líder da Câmara dos Deputados,2025-05-07,
2410,Osmar Terra,MDB,,Vice-líder da Câmara dos Deputados,Liderança da Maioria no Congresso Nacional,O,Liderança da Maioria no Congresso Nacional,Líder da Câmara dos Deputados,2025-05-07,
6413,Rodrigo Valadares,UNIÃO,,Vice-líder da Câmara dos Deputados,Liderança da Maioria no Congresso Nacional,O,Liderança da Maioria no Congresso Nacional,Líder da Câmara dos Deputados,2025-05-07,
5706,Evair Vieira de Melo,PP,,Vice-líder da Câmara dos Deputados,Liderança da Maioria no Congresso Nacional,O,Liderança da Maioria no Congresso Nacional,Líder da Câmara dos Deputados,2025-05-07,
6096,Sargento Fahur,PSD,,Vice-líder da Câmara dos Deputados,Liderança da Maioria no Congresso Nacional,O,Liderança da Maioria no Congresso Nacional,Líder da Câmara dos Deputados,2025-05-07,
6418,Nikolas Ferreira,PL,,Vice-líder da Câmara dos Deputados,Liderança da Maioria no Congresso Nacional,O,Liderança da Maioria no Congresso Nacional,Líder da Câmara dos Deputados,2025-05-07,
5986,Rodolfo Nogueira,PL,,Vice-líder da Câmara dos Deputados,Liderança da Maioria no Congresso Nacional,O,Liderança da Maioria no Congresso Nacional,Líder da Câmara dos Deputados,2025-05-07,
6449,Zé Trovão,PL,,Vice-líder da Câmara dos Deputados,Liderança da Maioria no Congresso Nacional,O,Liderança da Maioria no Congresso Nacional,Líder da Câmara dos Deputados,2025-05-07,
6469,Silvia Waiãpi,PL,,Vice-líder da Câmara dos Deputados,Liderança da Maioria no Congresso Nacional,O,Liderança da Maioria no Congresso Nacional,Líder da Câmara dos Deputados,2025-05-07,
6482,Coronel Assis,UNIÃO,,Vice-líder da Câmara dos Deputados,Liderança da Maioria no Congresso Nacional,O,Liderança da Maioria no Congresso Nacional,Líder da Câmara dos Deputados,2025-05-07,
6508,Sargento Gonçalves,PL,,Vice-líder da Câmara dos Deputados,Liderança da Maioria no Congresso Nacional,O,Liderança da Maioria no Congresso Nacional,Líder da Câmara dos Deputados,2025-05-07,
6515,Mauricio do Vôlei,PL,,Vice-líder da Câmara dos Deputados,Liderança da Maioria no Congresso Nacional,O,Liderança da Maioria no Congresso Nacional,Líder da Câmara dos Deputados,2025-05-07,
6540,Mario Frias,PL,,Vice-líder da Câmara dos Deputados,Liderança da Maioria no Congresso Nacional,O,Liderança da Maioria no Congresso Nacional,Líder da Câmara dos Deputados,2025-05-07,
6551,Coronel Meira,PL,,Vice-líder da Câmara dos Deputados,Liderança da Maioria no Congresso Nacional,O,Liderança da Maioria no Congresso Nacional,Líder da Câmara dos Deputados,2025-05-07,
6558,Delegado Caveira,PL,,Vice-líder da Câmara dos Deputados,Liderança da Maioria no Congresso Nacional,O,Liderança da Maioria no Congresso Nacional,Líder da Câmara dos Deputados,2025-05-07,
4694,Rogerio Marinho,PL,,Líder do Senado Federal,Liderança da Oposição no Senado Federal,S,Liderança da Oposição no Senado Federal,Líder do Senado Federal,2025-02-04,
5748,Veneziano Vital do Rêgo,MDB,,Líder do Senado Federal,Liderança da Maioria no Senado Federal,R,Liderança da Maioria no Senado Federal,Líder do Senado Federal,2025-02-18,
5722,Rubens Pereira Júnior,PT,,Líder do Congresso Nacional,Liderança de Bloco na CMO,B,Liderança de Bloco na CMO,Líder do Congresso Nacional,2025-04-15,
4632,Dagoberto Nogueira,PSDB,,Líder do Congresso Nacional,Liderança de Bloco na CMO,B,Liderança de Bloco na CMO,Líder do Congresso Nacional,2025-04-15,